business_name,phone,url,source,city
"Exodus Plumbing, Inc",(858) 354-8185,https://www.exodusplumbing.com/,Google Maps,"San Diego, CA 92117"
Courtesy Plumbing Inc.,(858) 567-0544,https://courtesyplumbing.com/?utm_campaign=gmb&utm_medium=referral&utm_source=gmb,Google Maps,"San Diego, CA 92126"
Core Plumbing,(858) 295-7746,https://coreplumbingsd.com/?utm_campaign=gmb,Google Maps,"San Diego, CA 92111"
Paws Plumbing,(858) 758-3267,https://www.pawsplumbing.com/,Google Maps,"San Diego, CA 92121"
"Anderson Plumbing, Heating & Air",(619) 320-1884,https://www.andersonplumbingheatingandair.com/service-areas/san-diego/?utm_source=google&utm_medium=organic&utm_campaign=GMBListing-San-Diego-California,Google Maps,"San Diego, CA 92111"
"Bill Howe Plumbing, Heating & Air, Restoration & Flood Services",(619) 317-1809,https://www.billhowe.com/?utm_source=google&utm_medium=organic&utm_campaign=GMB_SanDiego,Google Maps,"San Diego, CA 92123"
"John Padilla Plumbing, Sewer and Drains",(858) 905-7074,https://www.jpplumbers.com/,Google Maps,"San Diego, CA 92109"
Plumbing Tree,(858) 859-9555,https://plumbingtreesd.com/?utm_source=GMBmain&utm_medium=organic,Google Maps,"San Diego, CA 92117"
All Aloha Plumbing San Diego,(619) 841-1683,https://www.callallaloha.com/san-diego/?utm_source=google&utm_medium=gbp&utm_campaign=SanDiego,Google Maps,"San Diego, CA 92111"
"JG Water Heaters, Filtration and Plumbing",(858) 295-1005,https://jgwaterheaters.com/,Google Maps,"San Diego, CA 92126"
Black Mountain Plumbing,(858) 536-4161,https://blackmountainplumbing.com/?utm_source=google_profile&utm_campaign=localo&utm_medium=mainlink,Google Maps,"San Diego, CA 92131"
United Plumbing Heating Air & Electric,(858) 215-6765,https://localunitedservices.com/?utm_source=local&utm_medium=organic&utm_campaign=gmb,Google Maps,"San Diego, CA 92121"
"Collins Pacific Plumbing, Inc.",(858) 361-4140,http://collinspacific.com/,Google Maps,"San Diego, CA 92121"
Fraser Plumbing of San Diego,(619) 332-0275,https://fraserplumbinginc.com/,Google Maps,"San Diego, CA 92123"
Discount Plumbing San Diego,(619) 329-8394,https://www.discountplumbingsandiego.com/?utm_campaign=gmb,Google Maps,"San Diego, CA 92108"
Powers Plumbing,(619) 295-2115,https://www.powersplumbingsd.com/,Google Maps,"San Diego, CA 92103"
Ideal Plumbing Heating Air Electrical,(619) 320-5990,https://idealservice.com/?utm_source=google-gbp&utm_medium=organic&utm_campaign=*384*ideal-plumbing-san-diego,Google Maps,"San Diego, CA 92120"
Frankie's Plumbing,(619) 395-5254,https://www.frankiesplumbing.us/,Google Maps,"San Diego, CA 92103"
Jakobsen Plumbing,(747) 230-9132,,Google Maps,"San Diego, CA 92121"
Ascend Plumbing,(858) 800-1141,https://ascendplumbing.com/,Google Maps,"San Diego, CA 92109"
Bright Power Electric,(858) 430-8001,https://www.brightpowerelectric.com/,Google Maps,"San Diego, CA 92121"
Electrician San Diego,(858) 926-6573,https://www.electrician-sandiego.com/,Google Maps,"San Diego, CA 92121"
SRP Electric Inc.,(858) 900-8535,https://www.srpelectricinc.com/,Google Maps,"San Diego, CA 92120"
5 Star Electric San Diego,(619) 432-6327,https://5star-electricians.com/san-diego,Google Maps,"La Jolla, CA 92037"
"Electrical Supplies Unlimited ""Fast Eddy's""",(858) 558-2850,http://sandiegoelectricalsupplies.com/,Google Maps,"San Diego, CA 92121"
Service Pro Electrical Inc.,(619) 707-3008,http://serviceproelectrical.com/,Google Maps,"San Diego, CA 92104"
Pacific Beach Electric,(858) 483-9201,,Google Maps,"San Diego, CA 92109"
"Point Loma Electric, Plumbing, Heating & Air",(619) 738-3101,http://pointlomahomepros.com/,Google Maps,"San Diego, CA 92123"
Wehrly Electric,(619) 870-7376,https://www.wehrlyelectric.com/,Google Maps,"San Diego, CA 92111"
Eco Electric San Diego,(619) 288-3902,https://www.ecoelectricsandiego.com/,Google Maps,"San Diego, CA 92111"
"Summit Electrical, Inc.",(858) 410-0040,http://www.summit-elect.com/,Google Maps,"San Diego, CA 92121"
ZED Electric,(619) 224-2748,https://www.zedelectric.com/,Google Maps,"San Diego, CA 92107"
Green Electric Solutions,(858) 221-4551,https://www.greenelectricsolution.com/,Google Maps,"San Diego, CA 92111"
Blue Volt Electric,(619) 614-8795,https://bluevoltelectric-sd.com/?utm_source=google&utm_medium=organic&utm_campaign=gmb,Google Maps,"San Diego, CA 92123"
Ampere Electric SD,(858) 207-8452,http://www.ampereelectricsd.com/,Google Maps,"San Diego, CA 92127"
Empire Electrical Supply,(858) 689-7300,,Google Maps,"San Diego, CA 92121"
Volt Stream Electrical,(619) 488-3942,,Google Maps,"San Diego, CA 92101"
Main Electric Supply Co,(858) 737-7000,https://www.mainelectricsupply.com/?utm_source=Google&utm_medium=GMB&utm_id=SD_GMB,Google Maps,"San Diego, CA 92111"
Electrical Experts Of San Diego,(858) 392-4102,http://electricalexpertsofsandiego.com/,Google Maps,"San Diego, CA 92102"
"Same Day Heating, Cooling, Plumbing",(619) 486-3325,https://samedaysd.com/,Google Maps,"San Diego, CA 92124"
Stable Temp HVAC,(858) 766-5520,http://stabletemphvac.com/,Google Maps,"San Diego, CA 92117"
Ez Breezy Heating & Air,(858) 877-8788,https://ezbreezyac.com/,Google Maps,"San Diego, CA 92111"
"Guthrie & Sons Heating, Air and Solar",(619) 257-2204,https://www.guthrieandsons.com/?utm_source=google&utm_medium=organic&utm_campaign=GMBListing-San-Diego-CA,Google Maps,"San Diego, CA 92111"
Action Air Conditioning & Heating,(858) 294-1362,https://actionac.net/?utm_source=google&utm_medium=organic&utm_campaign=gbp_website,Google Maps,"San Diego, CA 92121"
Friar's Plumbing Heating and AC Repair,(619) 317-1730,https://www.friarsair.com/ac-repair-san-diego-ca/,Google Maps,"San Diego, CA 92111"
Bob Jenson,(619) 440-5634,https://bobjenson.com/?utm_source=gmb&utm_medium=organic,Google Maps,"San Diego, CA 92111"
One Hour Heating & Air Conditioning,(619) 736-2038,https://onehoursd.com/,Google Maps,"San Diego, CA 92126"
Air Plus Heating & Cooling,(858) 505-8711,https://airplusmechanical.com/,Google Maps,"San Diego, CA 92123"
Paulson,(619) 752-3500,https://paulsonac.com/?utm_campaign=gmb,Google Maps,"San Diego, CA 92117"
HVAC San Diego King,(619) 202-8344,https://topcoolingguys.com/,Google Maps,"San Diego, CA 92101"
Smith & Sons Heating and Air Inc.,(619) 251-9285,https://smithandsonsheatandair.com/,Google Maps,"San Diego, CA 92123"
Comfort Air Conditioning & Heating,(858) 519-8003,https://www.comfortacandheating.com/?utm_source=google&utm_medium=organic&utm_campaign=gbp,Google Maps,"San Diego, CA 92120"
Progressive Heating & Air,(858) 463-6753,https://www.progressiveairconditioning.com/?utm_source=google&utm_medium=organic&utm_campaign=gbp,Google Maps,"San Diego, CA 92111"
Carini Home Services,(619) 332-5176,https://www.carinihome.com/?utm_campaign=gmb&utm_medium=organic&utm_source=gmb,Google Maps,"San Diego, CA 92111"
San Diego HVAC Company,(619) 387-0005,http://sandiegohvaccompany.site/,Google Maps,"San Diego, CA 92121"
Blue Diamond Heating and Air,(619) 586-6137,https://bluediamond.tech/?utm_source=google&utm_medium=gbp&utm_campaign=SanDiego,Google Maps,"San Diego, CA 92109"
A/C Mechanical Sol Inc,(866) 226-3909,https://www.acandheating4you.com/,Google Maps,"San Diego, CA 92126"
Lumina Builders Inc.,(866) 858-5251,https://luminabuilders.com/,Google Maps,"San Diego, CA 92117"
TR Construction,(858) 537-6490,http://www.tr-construction.com/,Google Maps,"San Diego, CA 92126"
Forever Builders,(833) 243-5624,http://www.myforeverbuilders.com/,Google Maps,"San Diego, CA 92123"
CalHomeCo Construction,(858) 633-7812,https://www.calhomeco.com/,Google Maps,"San Diego, CA 92117"
Magnolia Construction,(619) 439-5479,https://magnoliaconstruction.net/,Google Maps,"San Diego, CA 92121"
Creations Construction & Remodeling,(619) 673-5241,https://creationsremodel.com/general-contractors-san-diego-ca/,Google Maps,"San Diego, CA 92121"
JDC Build Construction & Remodeling of San Diego,(619) 800-3205,https://jdcbuild.com/,Google Maps,"San Diego, CA 92117"
Oasis Renovation & New Construction,(858) 429-9600,http://www.myoasisrenovation.com/,Google Maps,"San Diego, CA 92108"
AH Construction,(858) 348-8585,https://ahconstructionsd.com/,Google Maps,"San Diego, CA 92108"
Modern Home Remodeling - General Contractor,(619) 642-7174,https://modern-remodeling.com/,Google Maps,"San Diego, CA 92126"
Kanna Construction & Remodeling,(619) 514-3555,https://kannaconstructioninc.com/?utm_source=google&utm_medium=organic&utm_campaign=seolocale,Google Maps,"San Diego, CA 92110"
Millan Construction | ADU & Remodeling,(619) 902-7598,http://www.themillanconstruction.com/,Google Maps,"San Diego, CA 92103"
Coach Construction Inc,(619) 581-3181,http://www.coachconstructioninc.com/,Google Maps,"San Diego, CA 92121"
RL Remodeling,(888) 324-1144,https://www.rl-remodeling.com/,Google Maps,"San Diego, CA 92120"
West Coast General Building Contractors,(619) 688-9233,http://westcoastgbc.com/,Google Maps,"San Diego, CA 92110"
D & L Builders Inc.,(858) 437-5678,https://www.dandlbuilders.com/?utm_campaign=gmb,Google Maps,"San Diego, CA 92120"
Shermans Builders Inc,(858) 331-7737,https://www.shermansbuilders.com/,Google Maps,"San Diego, CA 92117"
MD Golden Builders,(858) 933-1694,https://mdgoldenbuilders.com/,Google Maps,"San Diego, CA 92109"
Antoon Construction Services,(858) 208-3206,https://antoonservices.com/,Google Maps,"San Diego, CA 92131"
Eco Home Builders,(619) 919-1121,https://www.ecohomebuildersinc.com/,Google Maps,"San Diego, CA 92123"
"San Diego Custom Home, Bathroom & Kitchen Remodeling",(858) 267-4671,https://sandiegocustomremodeling.com/?utm_source=googlebusinessprofile&utm_medium=organic&utm_campaign=Google+Business+Profile,Google Maps,"San Diego, CA 92122"
Affordable Design and Remodel,(858) 707-7711,https://affordabledesignandremodel.com/,Google Maps,"San Diego, CA 92117"
SAN DIEGO BATH & KITCHEN REMODEL,(858) 284-7555,https://remodelersd.com/,Google Maps,"San Diego, CA 92121"
3 Day Kitchen & Bath,(619) 558-6950,https://3day-kitchenbath.com/,Google Maps,"San Diego, CA 92131"
Kitchen Remodeling by EatGatherLove San Diego,(760) 730-8181,https://www.eatgatherlove.com/?utm_franchise=CA02_San_Diego_North&UTM_source=GMB_listing,Google Maps,"San Diego, CA 92121"
Lars Remodeling & Design,(858) 279-6300,https://larsremodel.com/,Google Maps,"San Diego, CA 92123"
Precision Home Design & Remodeling,(877) 263-4346,http://www.precision-sd.com/,Google Maps,"La Jolla, CA 92037"
San Diego Home Remodeling,(619) 206-7590,https://sandiegohomeremodeling.com/,Google Maps,"La Jolla, CA 92037"
SD Dream Home Kitchen and Bath,(619) 433-7706,https://sddreamhomekitchenandbath.com/,Google Maps,"San Diego, CA 92121"
Freedom Renovation Kitchen & Bathroom Remodeling,(318) 373-3366,https://www.freedomrenovationsd.com/,Google Maps,"San Diego, CA 92121"
Elite Remodeling & Design,(833) 335-4833,http://eliteremodelingsd.com/,Google Maps,"San Diego, CA 92111"
Optimal Home Remodeling & Design,(619) 560-6668,https://optimalremodel.com/?utm_source=google&utm_medium=organic&utm_campaign=gbp_listing,Google Maps,"San Diego, CA 92126"
King Remodeling - Kitchen & Bathroom Experts San Diego,(858) 299-7700,http://www.kingremodelingsd.com/,Google Maps,"San Diego, CA 92131"
Miramar Kitchen & Bath Remodelers,(858) 271-8434,http://www.miramarkitchenandbath.com/,Google Maps,"San Diego, CA 92121"
Creative Design & Build Inc,(855) 445-9455,https://creativedesignandbuildinc.com/,Google Maps,"San Diego, CA 92126"
MBK - My Bath & Kitchen,(888) 556-2555,https://mbkremodel.com/,Google Maps,"San Diego, CA 92126"
USA Home Remodeling,(888) 872-5082,https://usahomeremodeling.com/,Google Maps,"La Jolla, CA 92037"
Kitchen Cabinet | Kitchen Remodeling & Refacing by All Stylish Inc,(619) 800-0935,http://allstylishinc.com/,Google Maps,"San Diego, CA 92126"
Hai Pro Remodeling,(619) 815-8998,https://haiproremodeling.com/,Google Maps,"San Diego, CA 92122"
American Bathroom Remodelers,(619) 810-5267,https://americanbathroomremodelers.com/?utm_campaign=gmb,Google Maps,"San Diego, CA 92105"
Expert Bathroom Remodeling San Diego,(619) 935-5128,http://innoutremodeling.com/,Google Maps,"San Diego, CA 92123"
Five Star Bath Solutions San Diego,(858) 402-0667,https://fivestarbathsolutions.com/san-diego-ca,Google Maps,"San Diego, CA 92121"
CALbath Renovations,(619) 299-9499,https://www.calbath.com/?utm_source=google&utm_medium=organic&utm_campaign=gbp-sandiego&utm_id=local&utm_content=sandiego,Google Maps,"San Diego, CA 92126"
"Flooring Creations, Inc.",(619) 275-5338,http://www.sdflooringcreations.com/,Google Maps,"San Diego, CA 92110"
San Diego Flooring Pros,(858) 735-4198,https://sandiegoflooringpros.com/,Google Maps,"San Diego, CA 92111"
Flooring Liquidators,(858) 201-4636,https://flooringliquidators.net/?utm_source=gmb&utm_medium=organic&utm_campaign=North+San+Diego%2C+CA,Google Maps,"San Diego, CA 92121"
Woodchuck Flooring Inc,,https://www.woodchuckfloors.com/,Google Maps,"San Diego, CA 92111"
Star Flooring & Remodeling,(619) 282-4000,https://starflooringandremodeling.com/,Google Maps,"San Diego, CA 92120"
FACTORY DIRECT FLOOR STORE,(858) 578-7758,https://factorydirectfloorstore.com/,Google Maps,"San Diego, CA 92121"
Prestige Hardwood Flooring,(858) 274-1212,http://www.prestigehardwoodfloors.com/,Google Maps,"San Diego, CA 92110"
America's Best Flooring,(619) 275-2229,https://www.americasbestflooring.com/,Google Maps,"San Diego, CA 92110"
clickonfloors,(858) 586-9663,https://clickonfloors.com/,Google Maps,"San Diego, CA 92121"
H W Flooring,(858) 905-7088,https://www.hwflooring.net/,Google Maps,"San Diego, CA 92127"
Wholesale Woodfloor Warehouse,(858) 271-7200,http://floorswww.com/,Google Maps,"San Diego, CA 92126"
Floor Coverings International,(858) 727-8887,https://www.floorcoveringsinternational.com/locations/us/ca/north-county-san-diego/?utm_source=google&utm_medium=local&utm_campaign=localmaps&utm_content=554262,Google Maps,"San Diego, CA 92130"
California Floors - Tile and Laminate Flooring San Diego,(858) 223-6564,http://cafloors.com/,Google Maps,"San Diego, CA 92121"
Metro Flooring,(858) 549-2900,https://www.metroflooring.com/,Google Maps,"San Diego, CA 92126"
RH Flooring,(619) 279-6925,https://www.rhflooringsandiego.com/,Google Maps,"San Diego, CA 92123"
IZ Flooring,(619) 815-8989,https://izflooring.com/,Google Maps,"San Diego, CA 92126"
La Mesa Flooring Company,(619) 463-7755,https://lamesaflooring.com/,Google Maps,"La Mesa, CA 91942"
All about Flooring,(619) 882-8832,https://www.allaboutflooringinsd.com/,Google Maps,"San Diego, CA 92105"
Seaside Flooring Pros,(858) 209-4250,https://seasideconstructioninc.com/,Google Maps,"San Diego, CA 92101"
Floor Coverings International - Northeast San Diego,(619) 340-1780,https://floorcoveringsinternational.com/locations/us/ca/northeast-san-diego/?utm_source=google&utm_medium=gb,Google Maps,"San Diego, CA 92108"
Pinot's Palette,(619) 675-0058,https://pinotspalette.com/libertystation,Google Maps,"San Diego, CA 92106"
PB Painting - San Diego Painter,(619) 363-3716,https://www.pbpaintingpros.com/,Google Maps,"San Diego, CA 92109"
Local San Diego Painting,(619) 288-0656,https://localsandiegopainting.com/,Google Maps,"San Diego, CA 92120"
PaintGreen,(619) 941-0422,http://www.paintgreen.com/,Google Maps,"San Diego, CA 92123"
Brad Stoner Painting,(858) 586-7751,https://www.bradstonerpainting.com/,Google Maps,"San Diego, CA 92126"
J Brown Painting,(619) 356-0830,https://www.jbrownpainting.com/,Google Maps,"San Diego, CA 92109"
San Diego Paint Pros,(619) 816-1944,https://www.sandiegopaintpros.com/?utm_source=GBP,Google Maps,"San Diego, CA 92111"
Japhet's Painting Company,(858) 314-8239,http://japhetspaintingcompany.com/,Google Maps,"La Jolla, CA 92037"
LEOANGELO ART,(858) 243-5461,http://www.leoangeloart.com/,Google Maps,"San Diego, CA 92126"
The Hot Spot Studios Liberty Station | Pottery Painting,(619) 223-1339,http://www.thehotspotstudios.com/,Google Maps,"San Diego, CA 92106"
Bulman Painting,(619) 565-7704,http://www.bulmanpaintingpros.com/,Google Maps,"San Diego, CA 92107"
Pro-Tech Painting,(858) 527-0200,https://www.pro-techpainting.com/,Google Maps,"San Diego, CA 92121"
American Painting | San Diego House Painting,(858) 255-4565,https://sandiegohousepainting.com/,Google Maps,"San Diego, CA 92111"
Precision Painting Plus of San Diego,(619) 399-2251,https://quote.precisionpaintingplus.net/san-diego-painters-estimate/?utm_group=GMB&utm_source=GMB&utm_medium=organic&utm_campaign=San_Diego&force_utm=true,Google Maps,"San Diego, CA 92101"
Lifetime Custom Painting Inc,(619) 314-8622,https://lifetimecustom.com/?utm_source=google&utm_medium=business-profile&utm_campaign=google-business-profile,Google Maps,"San Diego, CA 92104"
San Diego Drywall Services,(858) 349-4840,http://sandiegodrywallservices.com/,Google Maps,"San Diego, CA 92117"
Professional Drywall Services,(858) 405-7737,http://www.professionaldrywallservice.com/,Google Maps,"La Jolla, CA 92037"
ZION Drywall Services,(619) 547-2043,http://ziondrywallservices.com/,Google Maps,"San Diego, CA 92101"
Advanced Drywall,(858) 761-1129,https://advanceddrywall.com/,Google Maps,"San Diego, CA 92101"
Joe's Drywall Repair - San Diego,(619) 366-0247,https://www.facebook.com/Joesdrywallrepair,Google Maps,"San Diego, CA 92117"
Carmel Valley Drywall and Paint,(858) 255-0008,http://carmelvalleydrywall.com/,Google Maps,"San Diego, CA 92130"
Great Western Drywall,(858) 530-1690,http://greatwesterndrywall.com/,Google Maps,"San Diego, CA 92126"
Performance Drywall Group,(619) 317-7905,https://performancedrywallgroup.com/,Google Maps,"San Diego, CA 92113"
MEDINA DRYWALL INC,(619) 921-1843,http://medina-drywall.com/,Google Maps,"National City, CA 91950"
Performance Custom Drywall,(858) 302-7373,,Google Maps,"San Diego, CA 92109"
Drywall Patch Guys San Diego,(818) 317-6939,https://www.drywallpatchguys-sandiego.com/,Google Maps,"San Diego, CA 92102"
All-Phase Drywall,(619) 429-3538,http://www.allphasedrywallanddevelopment.com/,Google Maps,"Imperial Beach, CA 91932"
Designer Drywall,(858) 500-2991,,Google Maps,"San Diego, CA 92121"
Dumas Drywall,(619) 642-8026,https://www.dumasdrywall.com/,Google Maps,"San Diego, CA 92114"
West Coast Drywall,(619) 588-4884,http://westcoastdrywall.com/,Google Maps,"El Cajon, CA 92020"
"Midwest Drywall, Inc.",(760) 528-8787,http://www.midwestdrywallinc.com/,Google Maps,"Oceanside, CA 92056"
Roofing Specialists of San Diego,(858) 922-5903,https://roofingspecialistsofsandiego.com/,Google Maps,"San Diego, CA 92126"
Alma Roofing,(619) 693-3670,https://www.almaroofingsd.com/?utm_campaign=gmb,Google Maps,"San Diego, CA 92109"
Resilient Roofing,(619) 501-2138,https://www.resilientroofing.com/,Google Maps,"San Diego, CA 92126"
Pioneer Roofing Company,(619) 432-7663,https://www.pioneerroofer.com/,Google Maps,"San Diego, CA 92108"
"San Diego Roofing, INC.",(619) 280-1000,http://www.sandiegoroofing.com/,Google Maps,"San Diego, CA 92116"
California First Roofing,(424) 777-1619,https://californiafirstroofing.com/?utm_campaign=gmb,Google Maps,"San Diego, CA 92126"
619 Roofing,(619) 609-0214,https://619roofing.com/,Google Maps,"San Diego, CA 92104"
Peak Builders & Roofers of San Diego,(619) 330-1299,https://peakbuilderssd.com/?utm_campaign=gmb,Google Maps,"San Diego, CA 92111"
Atlas Roofing,(866) 303-2912,https://atlasroofingpro.com/service-area/san-diego/?utm_source=google&utm_medium=gbp&utm_campaign=san_diego,Google Maps,"San Diego, CA 92123"
"Shake, Shingle & Roll Roofing",(858) 278-7791,http://www.ssrroof.com/,Google Maps,"San Diego, CA 92111"
San Diego County Roofing & Solar,(855) 732-6868,https://sandiegocountyroofing.com/,Google Maps,"San Diego, CA 92108"
RSI Roofing,(858) 278-7200,http://thinkrsi.com/,Google Maps,"San Diego, CA 92111"
San Diego Roofing Replacement & Repair,(512) 460-1245,,Google Maps,"San Diego, CA 92113"
Sunstone,(858) 500-1550,https://www.sunstoneroofing.com/,Google Maps,"San Diego, CA 92130"
Roofing Guys,(619) 903-5978,https://roofingrepairguy.com/san-diego-ca/,Google Maps,"San Diego, CA 92108"
San Diego Pros Roofing Solutions,(619) 704-2134,https://sandiego-roofingsolutions.com/,Google Maps,"San Diego, CA 92108"
Dana Logsdon Roofing San Diego,(619) 390-8177,https://roofon.com/,Google Maps,"San Diego, CA 92101"
Roof Doctors San Diego County,(619) 525-7144,https://theroofdoctors.net/san-diego-county/,Google Maps,"San Diego, CA 92121"
Grand Roofer San Diego,(828) 790-6847,,Google Maps,"San Diego, CA 92122"
Ascent Roofing San Diego,(858) 758-3594,https://www.ascentroofingsd.com/?utm_campaign=gmb,Google Maps,"National City, CA 91950"
360 Windows and Doors,(619) 331-5246,https://www.360windowsanddoors.com/?utm_source=google&utm_medium=organic&utm_campaign=google-listing,Google Maps,"San Diego, CA 92126"
California Doors and Windows,(858) 518-1352,https://www.calidoorsandwindows.com/,Google Maps,"San Diego, CA 92109"
Newman Windows and Doors - San Diego,(619) 329-5952,https://www.newmanwindows.com/san-diego-window-door-showroom/,Google Maps,"San Diego, CA 92120"
Priority Doors & Windows,(619) 281-2333,https://www.prioritydoorwindow.com/?utm_source=google&utm_medium=organic&utm_campaign=gbp-santafe&utm_id=local&utm_content=sandiego,Google Maps,"San Diego, CA 92121"
US Window & Door - San Diego,(760) 621-6287,https://www.uswindow-door.com/,Google Maps,"San Diego, CA 92126"
Sivan Windows and Doors - San Diego,(800) 748-2601,https://sivanwindowsanddoors.com/,Google Maps,"San Diego, CA 92123"
American Vision Windows,(858) 264-2512,https://americanvisionwindows.com/locations/san-diego/?utm_source=google&utm_medium=gmb&utm_campaign=avw&utm_content=LOCAL%20SEO%20GMB%20SD,Google Maps,"San Diego, CA 92126"
Ocean View Doors & Windows,(858) 215-6614,https://www.oceanviewdoorsandwindows.com/,Google Maps,"San Diego, CA 92117"
Clear Concepts Window & Door,(619) 583-7171,http://www.clearconceptssd.com/,Google Maps,"San Diego, CA 92120"
ClearMax Windows & Doors,(858) 220-1179,https://www.clearmaxwindows.com/,Google Maps,"San Diego, CA 92121"
BM Windows,(858) 621-6287,https://www.bmwindowsca.com/,Google Maps,"San Diego, CA 92126"
Designer Window Supply,(858) 793-0339,http://www.designerwindowsupply.com/,Google Maps,"San Diego, CA 92121"
Discount Door and Window,(800) 995-9965,https://discountdw.com/,Google Maps,"San Diego, CA 92123"
Renewal by Andersen of Greater San Diego,(858) 537-4584,https://www.renewalbyandersen.com/locations/san-diego-ca/san-diego,Google Maps,"San Diego, CA 92121"
JWG Windows & Doors Inc.,(858) 748-9500,http://www.jwgwindows.com/,Google Maps,"Poway, CA 92064"
Builder's Window Supply,(858) 222-6494,http://builderswindow.com/,Google Maps,"San Diego, CA 92121"
Hiro Pro Man Inc Hero Windows,(209) 697-7455,,Google Maps,"La Jolla, CA 92037"
Hometime Windows & Doors,(760) 437-2714,https://www.hometimewindows.com/?utm_source=gmb+escondido&utm_medium=gmb&utm_campaign=gmb+escondido,Google Maps,"Escondido, CA 92029"
Costelow Glass & Door Inc.,(858) 699-3717,https://costelowglassanddoorinc.com/,Google Maps,"San Diego, CA 92117"
Window World of San Diego,(760) 645-8948,https://www.windowworldsandiego.com/,Google Maps,"San Marcos, CA 92069"
Advanced Insulation System,(858) 758-1814,https://advancedinsulationsystemsd.com/?utm_campaign=gmb,Google Maps,"San Diego, CA 92111"
Evergreen San Diego Insulation,(858) 346-6867,https://evergreensandiegoinsulation.com/,Google Maps,"San Diego, CA 92121"
Miramar SD Insulation Inc.,(619) 391-3037,https://miramarinsulation.com/,Google Maps,"San Diego, CA 92126"
California Attic & Build,(619) 975-3126,https://caatticbuild.com/,Google Maps,"San Diego, CA 92117"
Fresh San Diego Insulation,(858) 997-0446,https://freshsandiegoinsulation.com/,Google Maps,"San Diego, CA 92127"
Attic Projects Company,(858) 246-7421,https://atticprojectscompany.com/?utm_source=google&utm_medium=organic&utm_campaign=gmb,Google Maps,"San Diego, CA 92126"
Green Faith Attic Solutions,(602) 471-1435,https://greenfaithsandiego.com/,Google Maps,"San Diego, CA 92108"
San Diego Thermal Insulation,(858) 299-1995,https://sandiegothermalinsulation.com/,Google Maps,"San Diego, CA 92127"
Trusted San Diego Insulation,(619) 467-8366,https://trustedsandiegoinsulation.com/,Google Maps,"San Diego, CA 92154"
Attic Professional,(619) 356-6626,https://www.atticprofessionalsd.com/,Google Maps,"Santee, CA 92071"
Integrity Spray Foam San Diego,(619) 789-6324,https://sprayfoaminsulationsandiego.com/,Google Maps,"San Diego, CA 92101"
Quality Edge Attic Insulation,(858) 544-3018,https://qualityedgeatticinsulation.com/,Google Maps,"San Diego, CA 92126"
Thermal Nest Insulation of San Diego,(619) 728-3897,https://thermalnestinsulation.com/san-diego-ca,Google Maps,"San Diego, CA 92154"
"All Type Insulation Services, Inc.",(760) 500-9551,https://alltypeinsulation.com/san-diego-county/,Google Maps,"Carlsbad, CA 92008"
Bay Insulation Supply of San Diego Inc.,(858) 530-0414,https://www.bayinsulationsupply.com/,Google Maps,"San Diego, CA 92121"
Attic Construction,(858) 492-7289,https://atticconstruction.com/locations/san-diego/,Google Maps,"San Diego, CA 92115"
Quiet Home Insulation of San Diego,(619) 632-6130,https://quiethomeinsulation.com/san-diego-ca,Google Maps,"San Diego, CA 92154"
Custom Insulation,(619) 332-1013,https://custominsulationelcajon.com/,Google Maps,"El Cajon, CA 92021"
TruTeam of California,(858) 486-9155,https://www.truteam.com/branches/ca/san-diego/200/,Google Maps,"San Diego, CA 92117"
Phoenix insulation inc,(760) 879-7340,https://dfc-insulation.com/,Google Maps,"Escondido, CA 92027"
Soltech Electric,(858) 258-9612,http://soltechelectric.com/,Google Maps,"San Diego, CA 92122"
Action Solar,(858) 266-9227,https://actionac.net/?utm_source=google&utm_campaign=googlebusinessprofilesandiego&utm_medium=gmb,Google Maps,"San Diego, CA 92121"
Semper Solaris,(619) 432-4211,https://www.sempersolaris.com/locations/san-diego/?utm_content=LOCAL%20SEO%20GMB%20SD,Google Maps,"San Diego, CA 92101"
Sunline Energy,(858) 289-0758,https://www.sunlineenergy.com/,Google Maps,"San Diego, CA 92121"
Creative Energy Solutions,(844) 278-8674,http://www.crtvnrg.com/,Google Maps,"San Diego, CA 92131"
Johnson Solar - San Diego County's Best Veteran Owned Solar Installation Company,(619) 784-8401,http://johnsonsolar.com/,Google Maps,"El Cajon, CA 92019"
EnergyAid,(877) 787-0607,https://energyaid.net/solar-services-repairs-san-diego/,Google Maps,"San Diego, CA 92120"
Incentive Solar,(619) 244-5911,http://incentivesolar.com/,Google Maps,"San Diego, CA 92108"
CM Solar Electric,(619) 488-1117,https://cmsolarelectric.com/,Google Maps,"San Diego, CA 92108"
Sungenia,(619) 251-6167,http://www.sungenia.com/,Google Maps,"San Diego, CA 92131"
San Diego Solar Inc,(619) 276-1149,https://sandiegosolar.com/,Google Maps,"San Diego, CA 92107"
San Diego Solar Surfers,(858) 298-3727,https://sdsolarsurfers.com/?utm_source=googlebusinessprofile&utm_medium=organic&utm_campaign=Google+Business+Profile,Google Maps,"San Diego, CA 92124"
San Diego Solar Installers,(858) 500-3974,https://sandiegosolarinstallers.net/,Google Maps,"San Diego, CA 92101"
Baker Home Energy,(877) 409-0341,https://bakerhomeenergy.com/?utm_source=GBP&utm_medium=google&utm_campaign=click,Google Maps,"Escondido, CA 92029"
SunSolar Power - SPR California,(858) 764-2419,http://www.sunsolarpower.com/,Google Maps,"San Diego, CA 92130"
The Solar Detective,(858) 519-8415,http://www.thesolardetective.com/?utm_source=gmb&utm_medium=organic,Google Maps,"Del Mar, CA 92014"
OnPoint Solar Panel Cleaning San Diego,(619) 780-7773,https://onpointsolarcleaning.com/,Google Maps,"La Mesa, CA 91941"
BVI Solar,(877) 284-1222,https://bvisolar.com/,Google Maps,"San Diego, CA 92123"
SolarGuru Energy,(833) 383-4878,https://solarguruenergy.com/san-diego-solar-company-del-mar/,Google Maps,"San Diego, CA 92130"
Heliogold Solar,(760) 332-5112,https://heliogold.com/solar-installation-in-san-diego/?utm_source=gmb&utm_medium=organic,Google Maps,"San Diego, CA 92101"
Precise Garage Doors Services,(866) 552-2945,https://precisegds.com/,Google Maps,"San Diego, CA 92121"
Rockstar Garage Door Services,(619) 930-9854,https://rsgaragedoorservices.com/,Google Maps,"San Diego, CA 92123"
ADS Garage Doors and Gates Repair,(858) 544-8225,https://www.automaticdoorspecialists.com/?utm_source=gbp&utm_medium=organic&utm_campaign=gbp-san-diego,Google Maps,"San Diego, CA 92121"
Precision Garage Door of San Diego,(619) 273-5535,https://www.garagedoorssandiego.net/?utm_source=gmb&utm_medium=location_sandiego&utm_campaign=website&camp=GMB,Google Maps,"San Diego, CA 92121"
John's Garage Door Services,(619) 880-5480,https://johnsgaragesd.com/,Google Maps,"San Diego, CA 92117"
Door & Roll Garage Door,(619) 808-6343,https://doorandrollgaragedoor.com/,Google Maps,"San Diego, CA 92121"
Garage Door Medics,(619) 273-0530,https://gdmedics.com/san-diego-ca-garage-door-service/?utm_campaign=gmb,Google Maps,"San Diego, CA 92110"
Quality Garage Door Repairs,(619) 450-1946,https://qualitygaragedoorrepairs.com/,Google Maps,"San Diego, CA 92126"
Radford Garage Doors & Gates of San Diego,(858) 408-6744,https://radfordgaragedoor.com/,Google Maps,"San Diego, CA 92123"
Best Garage Door & Gate Repair Services,(619) 877-6218,https://bestgaragedoor.us/,Google Maps,"San Diego, CA 92101"
Royal Palm Garage Door Repair SD,(619) 314-6099,https://royalpalmgaragedoors.com/,Google Maps,"San Diego, CA 92117"
San Diego Garage Doors,(619) 386-2521,https://mysdgaragedoors.com/,Google Maps,"San Diego, CA 92115"
Coastal Garage Doors,(619) 507-0140,https://coastalgaragedoors.com/?utm_source=gbp&utm_medium=local,Google Maps,"San Diego, CA 92109"
Access Garage and Gate,(858) 766-6912,https://www.accessgarageandgate.com/,Google Maps,"San Diego, CA 92121"
Pacific Garage Door Repair Pros,(858) 477-3690,http://sandiegogaragedoorpros.com/,Google Maps,"San Diego, CA 92121"
San Diego Garage Door Service,(619) 330-0300,https://overheaddoorssandiego.com/,Google Maps,"San Diego, CA 92108"
Garage Door Experts,(619) 828-3886,http://sdgaragedoorexperts.com/,Google Maps,"San Diego, CA 92103"
ProperShop Garage Door Services,(858) 544-1561,https://propershopgarage.com/locations/ca/san-diego,Google Maps,"San Diego, CA 92120"
Shon Garage Door Repair & Services Inc.,(619) 779-4332,https://shongaragedoors.com/,Google Maps,"San Diego, CA 92109"
Full Access Garage Door's Service,(619) 626-2938,https://fullaccessgaragedoorsservice.site/,Google Maps,"San Diego, CA 92105"
Modern Yardz Landscaping San Diego,(619) 775-9554,https://www.modernyardz.com/?utm_source=googlebusinessprofile%20&utm_medium=organic&utm_campaign=gbp_listing,Google Maps,"San Diego, CA 92111"
John's Lawn & Garden Landscaping,(619) 852-8458,https://www.johnslawngarden.com/,Google Maps,"San Diego, CA 92117"
Drab to Fab,(619) 404-2222,http://www.drabtofab.com/,Google Maps,"San Diego, CA 92123"
Stepping Stone Landscape Design,(619) 762-8988,https://steppingstonelandscape.com/,Google Maps,"San Diego, CA 92108"
Infinite Sky Landscape Design,(619) 327-9217,http://www.infiniteskylandscapedesign.com/,Google Maps,"San Diego, CA 92101"
Torrey Pines Landscape Company,(858) 454-1433,https://www.tplandscape.com/,Google Maps,"San Diego, CA 92121"
Lawn Love - San Diego,(619) 320-1006,https://lawnlove.com/california/san-diego-lawn-care?utm_source=Google&utm_medium=Places&utm_campaign=SanDiego,Google Maps,"San Diego, CA 92122"
Del Mar Landscapes,(619) 723-0332,https://delmarlandscapes.com/?utm_source=GMB&utm_medium=organic,Google Maps,"San Diego, CA 92124"
San Diego Landscape Solutions,(619) 734-7364,http://sandiegolandscapesolutions.com/,Google Maps,"Coronado, CA 92118"
Smart Landscape,(619) 431-1615,http://www.smartlandscapesd.com/,Google Maps,"San Diego, CA 92121"
Sun Diego Landscape & Design,(619) 779-4884,http://www.sundiegolandscapeanddesign.com/,Google Maps,"San Diego, CA 92104"
Intu Nature Landscape Associates,(619) 530-7187,http://www.intunaturelandscape.com/,Google Maps,"San Diego, CA 92117"
Breceda Landscape,(858) 349-6558,https://brecedalandscape.com/,Google Maps,"San Diego, CA 92121"
The Landscape Company,(858) 275-6300,https://sandiegoswimmingpoolremoval.com/,Google Maps,"San Diego, CA 92121"
INSTALL-IT-DIRECT Landscape Design & Build San Diego,(858) 267-4901,https://www.installitdirect.com/?utm_source=gmb&utm_medium=website&utm_campaign=button,Google Maps,"Encinitas, CA 92024"
Nature's Elements Landscaping,(619) 501-7465,https://www.natureselementslandscaping.com/,Google Maps,"San Diego, CA 92120"
Rock N Block - Turf N Hardscapes - San Diego,(619) 431-4706,https://rocknblocklandscape.com/locations/san-diego/?utm_campaign=gmb,Google Maps,"San Diego, CA 92108"
Landscapes USA - San Diego,(858) 625-0855,https://sd.landscapesusa.com/,Google Maps,"San Diego, CA 92121"
Backyard X-Scapes,(858) 643-9030,https://www.backyardxscapes.com/san-diego-retail/,Google Maps,"San Diego, CA 92121"
Dave Suda Landscape,(619) 229-1316,https://www.davesudalandscape.com/,Google Maps,"San Diego, CA 92120"
Advanced Sprinkler & Drainage Repair,(858) 585-9140,https://advancedsprinklerrepair.com/?utm_source=google&utm_medium=organic&utm_campaign=gbp,Google Maps,"San Diego, CA 92111"
Victory Sprinkler,(760) 452-9930,https://victorysprinkler.com/?utm_source=gbp&utm_term=sprinkler_repair,Google Maps,"Carlsbad, CA 92008"
First Fire Sprinkler Systems San Diego,(619) 473-2961,https://sandiegofiresprinklers.com/,Google Maps,"San Diego, CA 92105"
Precision Irrigation Team,(858) 756-5998,https://www.precisionirrigationteam.com/,Google Maps,"Rancho Santa Fe, CA 92067"
Agustin's Irrigation Service,(619) 670-7933,http://agustinirrigationservice.com/,Google Maps,"Spring Valley, CA 91978"
OLIVIO Sprinkler Repair,(858) 869-3231,https://olivioirrigationservices.com/,Google Maps,"Oceanside, CA 92058"
San Diego Irrigations,(858) 603-2180,https://irrigationsandiego.com/,Google Maps,"Santee, CA 92071"
Agustin's Irrigation Services,(619) 203-1228,http://www.agustinirrigationservice.com/,Google Maps,"San Diego, CA 92111"
Horizon Distributors,(858) 278-5151,https://www.horizononline.com/landscape-supply-store/san-diego-ca,Google Maps,"San Diego, CA 92111"
Heritage Landscape Supply,(858) 514-4200,https://www.heritagelandscapesupplygroup.com/en/distributor-network/ISSSAND/,Google Maps,"San Diego, CA 92123"
Turning Point landscape irrigation Services,(760) 216-8383,https://turningpointls.com/,Google Maps,"Vista, CA 92084"
Fallbrook Irrigation,(760) 723-9001,https://fallbrookirrigation.com/,Google Maps,"Fallbrook, CA 92028"
Rivulis Irrigation,(858) 578-1860,http://www.rivulis.com/,Google Maps,"San Diego, CA 92121"
Ewing Outdoor Supply,(858) 576-9530,http://www.ewingoutdoorsupply.com/,Google Maps,"San Diego, CA 92111"
SiteOne Landscape Supply,(858) 560-6611,https://www.siteone.com/en/store/102,Google Maps,"San Diego, CA 92123"
Rain Bird Corporation,(619) 674-4068,https://www.rainbird.com/,Google Maps,"San Diego, CA 92123"
Tree Service San Diego,(858) 201-5554,https://treeservicesandiegoca.com/,Google Maps,"San Diego, CA 92109"
Tree Loyalty LLC,(619) 372-5084,http://www.treeloyalty.com/,Google Maps,"La Jolla, CA 92037"
CM Precision Tree and Landscape Maintenance Inc,(619) 983-1030,https://treeserviceinsandiego.com/?utm_source=google&utm_medium=organic&utm_campaign=gbp,Google Maps,"San Diego, CA 92120"
San Diego Tree Service Contractor,(619) 944-3254,https://www.treeservicecontractor.com/,Google Maps,"San Diego, CA 92105"
San Diego Tree Care,(858) 530-8733,http://sandiegotreecare.com/,Google Maps,"San Diego, CA 92131"
Ocean Beach Arborists,(619) 762-0455,http://obtrees.com/,Google Maps,"San Diego, CA 92107"
The Davey Tree Expert Company,(619) 592-7956,http://www.davey.com/local-offices/san-diego-tree-service/?utm_source=gmb&utm_medium=organic&utm_campaign=rc_san%20diego,Google Maps,"San Diego, CA 92121"
Rancho Coastal Tree - SavATree,(619) 847-4225,https://www.savatree.com/locations/san-diego-california/?utm_source=GMB&utm_medium=organic&utm_campaign=san_diego,Google Maps,"San Diego, CA 92120"
Coastal Tree Work,(760) 815-0367,,Google Maps,"San Diego, CA 92110"
SavATree,(619) 566-1020,https://www.savatree.com/locations/san-diego-california/?utm_source=GMB&utm_medium=organic&utm_campaign=san_diego,Google Maps,"San Diego, CA 92126"
Pedro's Tree Service,(619) 547-1379,https://pedrostreeserviceca.com/?utm_campaign=gmb,Google Maps,"El Cajon, CA 92020"
Higuera Tree Care,(619) 300-1340,https://www.higueratreecare.com/,Google Maps,"Chula Vista, CA 91911"
ArborSD Tree Service,(858) 609-7034,https://sandiegotreeservice.co/?utm_source=googlebusinessprofile&utm_medium=organic&utm_campaign=Google+Business+Profile,Google Maps,"San Diego, CA 92124"
Captain Decks,(858) 943-6440,https://captaindecks.com/,Google Maps,"San Diego, CA 92123"
John Martin Construction,(619) 541-1737,https://johnmartinconstruction.com/,Google Maps,"San Diego, CA 92109"
NOVA Remodeling,(858) 868-5522,https://nova-remodelingsd.com/,Google Maps,"San Diego, CA 92121"
Superior Fence & Rail of North San Diego,(619) 359-8680,https://www.superiorfenceandrail.com/north-san-diego/?utm_source=GMB&utm_medium=location&utm_campaign=SFR-North-San-Diego-GMB&utm_content=url-7-6-22,Google Maps,"Spring Valley, CA 91977"
JJ's Fence Company,(858) 285-4085,https://jjsfencecompany.com/,Google Maps,"San Diego, CA 92128"
West Coast Deck,(760) 707-8732,http://www.westcoastdeck.com/,Google Maps,"Oceanside, CA 92054"
Second Wind Deck Master,(858) 333-9806,,Google Maps,"La Jolla, CA 92037"
VFM - Aluminum and Vinyl Fences Gates Rails and Patio Covers,(858) 413-9011,https://www.vfmvinyl.com/,Google Maps,"San Diego, CA 92123"
"Vinyl Pro Fence, Inc.",(800) 605-4029,http://www.vinylprofence.com/,Google Maps,"San Diego, CA 92121"
Balboa Fence Company,(858) 740-6286,https://www.balboafence.com/,Google Maps,"Santee, CA 92071"
So Cal Fence,(619) 917-8363,http://socalfencesd.com/,Google Maps,"San Diego, CA 92120"
California Deck Pros,(760) 522-1416,http://californiadeckpros.com/,Google Maps,"Valley Center, CA 92082"
Fred's Fencing Inc.,(619) 562-5331,http://www.fredsfencing.com/,Google Maps,"Santee, CA 92071"
Access Masters Inc,(619) 375-2205,https://accessmastersinc.com/san-diego/,Google Maps,"San Diego, CA 92117"
San Diego Custom Gates,(619) 763-8577,https://www.sandiegocustomgates.com/,Google Maps,"San Diego, CA 92113"
San Diego Cable Railings,(888) 389-0003,https://www.sandiegocablerailings.com/,Google Maps,"El Cajon, CA 92020"
West Coast Aluminum Railing System,(858) 754-9497,https://westcoastrailing.com/,Google Maps,"San Diego, CA 92126"
PoolLogic Pool and Spa Service,(619) 502-9056,https://poollogicsd.com/?utm_source=google_my_business&utm_medium=organic&utm_campaign=gbp_PoolLogicSD,Google Maps,"San Diego, CA 92103"
Backyard Pool and Spa Service,(619) 301-3920,https://backyardpoolandspa.com/,Google Maps,"San Diego, CA 92123"
Master Geek Pool & Spa,(619) 786-8044,https://mastergeeksd.com/,Google Maps,"San Diego, CA 92109"
ProTouch Pool Services,(858) 610-2635,https://protouchpoolservices.com/,Google Maps,"San Diego, CA 92126"
Simpson Pool & Spa SERVICE & REPAIR DIVISION,(858) 337-7506,http://simpsonpoolandspa.com/,Google Maps,"Poway, CA 92064"
Pacific Sun Pool And Spa,(877) 271-8822,http://pacificsunpoolandspa.com/,Google Maps,"San Diego, CA 92121"
GL Pools - San Diego Pool Service,(619) 762-4744,https://glpools.com/pool-service-san-diego/,Google Maps,"San Diego, CA 92111"
"Jake's Spa Service and Repair, LLC",(619) 540-2319,,Google Maps,"San Diego, CA 92106"
JSC Pool & Spa,(858) 926-9336,,Google Maps,"San Diego, CA 92122"
Swim Care Pool Services - San Diego Leak Detection Specialists,(858) 295-0443,https://sandiegopoolservice.net/?utm_campaign=gmb&utm_source=gmb,Google Maps,"San Diego, CA 92117"
Prime Pool & Spa,(858) 750-8842,http://www.primepoolandspa.com/,Google Maps,"San Diego, CA 92126"
Pacific Pools,(858) 437-3958,https://lajollapoolservice.net/,Google Maps,"San Diego, CA 92109"
Spring Pools and Spas,(619) 975-7160,https://springpoolsspas.com/,Google Maps,"San Diego, CA 92108"
Blue Tide Swimming Pool Service & Repair,(619) 820-3377,http://www.bluetidepoolservice.com/,Google Maps,"San Diego, CA 92119"
H2O So Clean,(858) 732-5426,https://www.h2osoclean.com/,Google Maps,"San Diego, CA 92130"
Vida Pool and Spa Care,(619) 559-4351,http://vidapoolcare.com/,Google Maps,"San Diego, CA 92105"
HUGE Handyman,(858) 800-4843,http://www.hugehandymansd.com/,Google Maps,"San Diego, CA 92111"
The Handyman San Diego,(619) 363-5082,http://www.thehandymansandiego.com/,Google Maps,"San Diego, CA 92117"
Andre Handyman,(619) 500-4155,http://www.andrehandyman.com/,Google Maps,"San Diego, CA 92113"
MM Pro Handyman,,http://mmprohandyman.com/,Google Maps,"San Diego, CA 92110"
Unstoppable Handyman Services,(619) 815-7588,http://www.unstoppablehandyman.com/,Google Maps,"Lemon Grove, CA 91945"
I Can Fix That,(858) 683-4272,http://www.cabrothers.com/,Google Maps,"San Diego, CA 92129"
JRM Handyman Services,(858) 598-4087,,Google Maps,"San Diego, CA 92111"
Parmco handyman & Electrical service,(858) 282-9939,http://parmcohandyman.com/,Google Maps,"San Diego, CA 92126"
"Anatoli's Handyman Service, LLC",(858) 987-3466,,Google Maps,"San Diego, CA 92110"
ERB Handyman Service LLC,(619) 206-2873,https://www.erbhandyman.com/,Google Maps,"San Diego, CA 92123"
Bengel Handyman Services,(858) 926-8452,https://bengelhandymanservices.com/,Google Maps,"San Diego, CA 92109"
Kaminskiy Care and Repair,(858) 330-5590,https://careandrepair.com/ca/san-diego-handyman-services/?utm_source=google&utm_medium=organic&utm_campaign=gbp-listing,Google Maps,"San Diego, CA 92128"
Pro Handyman,(619) 497-9775,http://www.pro-handymen.com/,Google Maps,"Carlsbad, CA 92009"
San Diego Handyman | Express Services,(619) 456-0009,http://www.sdpro-handyman.com/,Google Maps,"San Diego, CA 92115"
Toolbox Handyman Services,(619) 550-0502,https://www.toolboxservicessd.com/,Google Maps,"Poway, CA 92064"
Matthew Jenkins Handyman,(484) 716-4727,http://matthewjenkinshandyman.com/,Google Maps,"La Mesa, CA 91941"
Maid 2 Clean San Diego,(858) 461-8680,https://www.maid2cleansd.com/,Google Maps,"San Diego, CA 92117"
"La Clean House, San Diego, CA",(858) 525-4929,https://lacleanhouse.com/,Google Maps,"San Diego, CA 92121"
Sparkly Maid San Diego Cleaning Services,(858) 227-9414,https://www.sparklymaidsandiego.com/,Google Maps,"San Diego, CA 92101"
OneTouch Cleaners - San Diego,(619) 618-4137,http://onetouchcleaners.com/,Google Maps,"San Diego, CA 92101"
The Cleaning Authority - San Diego,(858) 633-8335,https://www.thecleaningauthority.com/sandiego,Google Maps,"San Diego, CA 92117"
Crystal Cleaning Maid Service San Diego,(858) 888-9036,https://www.crystalcleaningmaidservice.com/,Google Maps,"San Diego, CA 92109"
Clean Freak Cleaning Services,(619) 634-5141,https://www.cleanfreakcleaningservices.com/,Google Maps,"San Diego, CA 92109"
San Diego House Cleaning Service LLC,(619) 314-4495,https://www.sandiegohousecleaningservice.com/,Google Maps,"San Diego, CA 92131"
Mexi Maids Cleaning,(619) 777-5502,http://meximaidscleaningsandiego.com/,Google Maps,"San Diego, CA 92108"
The Maids of San Diego,(858) 578-6243,https://www.maids.com/45/,Google Maps,"San Diego, CA 92121"
OneTouch House Cleaning San Diego,(619) 514-3339,https://www.onetouchcleaners.com/locations/clairemont,Google Maps,"San Diego, CA 92109"
LA Maid Service & House Cleaners,(858) 667-5245,https://www.losangeleshousecleaners.net/san-diego-ca,Google Maps,"San Diego, CA 92114"
MagiCleanMaid,(323) 373-5790,http://www.magicleanmaid.com/,Google Maps,"San Diego, CA 92103"
Maid Nice,(619) 374-6213,https://maidnicesandiego.com/,Google Maps,"San Diego, CA 92109"
Clean Me Up Scotty,(619) 821-5338,https://www.cleanmeupscottysd.com/,Google Maps,"San Diego, CA 92109"
Monas House Cleaning,(858) 267-8747,http://www.monashousecleaning.net/,Google Maps,"San Diego, CA 92126"
Heaven's Best Carpet Cleaning San Diego CA,(619) 777-5743,https://heavensbestsandiego.com/?utm_campaign=gmb,Google Maps,"San Diego, CA 92109"
Pacific Pro Carpet Cleaning,(858) 625-1576,https://www.pacificprocleaning.com/?utm_source=google&utm_medium=my_business_profile,Google Maps,"San Diego, CA 92109"
La Jolla Carpet Care,(858) 349-4749,http://ljcarpetcare.com/,Google Maps,"San Diego, CA 92122"
McCall's Carpet Cleaning San Diego Tile And Grout,(619) 583-6411,https://mccallscarpetcleaning.com/,Google Maps,"San Diego, CA 92101"
Socal Steam Clean & Carpet Cleaning,(858) 381-7872,https://www.socalsteamclean.com/,Google Maps,"San Diego, CA 92128"
Monster Steamer Carpet Cleaning,(619) 201-9480,https://monstersteamer.net/?utm_source=GBP&utm_medium=organic&utm_campaign=main-button-gbp,Google Maps,"San Diego, CA 92104"
Choice San Diego Carpet Cleaning,(619) 453-0004,https://carpetcleaningsandiego.best/,Google Maps,"San Diego, CA 92117"
It's All Clean San Diego,(619) 800-3951,http://www.itsallcleansandiego.com/,Google Maps,"San Diego, CA 92109"
Picture Perfect Carpet Cleaning,(619) 900-6693,https://carpetcleaningallstar.com/,Google Maps,"San Diego, CA 92109"
Imperial Carpet Cleaning San Diego,(858) 688-2246,https://www.imperialcarpetclean.com/,Google Maps,"San Diego, CA 92106"
Coastal Chem-Dry | Carpet Cleaning in San Diego,(858) 274-4513,https://www.coastalcarpetcare.com/,Google Maps,"San Diego, CA 92117"
Mega Dry Carpet Cleaning,(858) 530-0328,http://www.megadrycarpetcleaning.com/,Google Maps,"San Diego, CA 92126"
Stanley Steemer,(888) 783-3620,https://www.stanleysteemer.com/locations/CA/San-Diego/370,Google Maps,"San Diego, CA 92126"
Eco-Dry Carpet Care,(619) 944-8870,http://www.eco-dry.net/,Google Maps,"San Diego, CA 92104"
Finest San Diego Carpet Cleaning,(619) 330-3433,https://carpetcleaningsandiego.city/,Google Maps,"San Diego, CA 92120"
Morning Light Carpet Cleaning,(619) 900-6636,https://sandiegocarpetcleaning.pro/,Google Maps,"San Diego, CA 92121"
Affordable Carpet Cleaning,(619) 330-0038,https://sandiegocarpetcleaning.vip/,Google Maps,"San Diego, CA 92110"
Blue carpet cleaning,(619) 608-1230,http://bluecarpetcleaningsd.com/,Google Maps,"San Diego, CA 92109"
Peninsula Carpet Care,(619) 275-5555,http://www.peninsulacarpetcare.com/,Google Maps,"San Diego, CA 92111"
Same Day Carpet Cleaning San Diego,(619) 614-7035,,Google Maps,"San Diego, CA 92103"
Shine Bright San Diego,(619) 789-4467,http://www.shinebrightsd.com/?utm_source=gmb&utm_medium=organic&utm_campaign=SanDiego,Google Maps,"San Diego, CA 92109"
Coastal Clarity Window Cleaners,(858) 315-1247,https://coastalclaritysd.com/,Google Maps,"La Jolla, CA 92037"
Lookout Window Cleaners,(858) 252-9279,https://lookoutwindowcleaners.com/,Google Maps,"San Diego, CA 92109"
Blue Ocean Window Cleaning,(619) 450-6553,https://blueoceanwindowcleaning.com/,Google Maps,"San Diego, CA 92127"
Keith's Windows and More,(760) 297-0421,https://www.keithswindows.com/,Google Maps,"San Diego, CA 92117"
San Diego Window Cleaning,(619) 578-3118,https://sandiegowindowcleaning.biz/#cid=glbc,Google Maps,"Spring Valley, CA 91977"
Pure Window Cleaning and Pressure Washing,(619) 995-0576,http://lajollawindowcleaning.com/,Google Maps,"La Jolla, CA 92037"
Fish Window Cleaning,(619) 354-1399,https://www.fishwindowcleaning.com/San-Diego-CA-3177/,Google Maps,"San Diego, CA 92123"
Lottery Window Cleaning,(858) 461-8181,http://lotterywindowcleaning.com/,Google Maps,"La Jolla, CA 92037"
San Diego Pressure Washing and Window Cleaning,(858) 703-7250,https://sandiegopressurewashing.com/?utm_source=gmb&utm_medium=organic&utm_campaign=san_diego_pressure_washing,Google Maps,"Poway, CA 92064"
Sunshine Window Cleaning and Services,(858) 471-0201,https://sunshinewindowcleaningsd.com/,Google Maps,"Coronado, CA 92118"
SQUEEGEX,(619) 854-8882,https://www.squeegex.com/,Google Maps,"San Diego, CA 92111"
Supreme Power Wash,(619) 374-9016,https://www.powerwashandmore.com/,Google Maps,"San Diego, CA 92121"
Pressure Washing San Diego,(858) 522-0565,https://pressurewashingsd.com/,Google Maps,"San Diego, CA 92109"
San Diego Softwash,(619) 933-0257,https://sandiego-softwash.com/,Google Maps,"San Diego, CA 92101"
Pacific Shine Surface Cleaners,(619) 800-3807,https://www.pacificshinesc.com/,Google Maps,"San Diego, CA 92104"
Right Way Pressure Washing San Diego,(619) 784-2185,https://pressurewashingsandiego.com/,Google Maps,"San Diego, CA 92103"
KC Power Clean,(619) 485-6688,https://www.kcpowerclean.com/sandiego/,Google Maps,"San Marcos, CA 92078"
Washed Out Pressure Washing,(866) 647-1181,http://washedoutpressurewashing.com/,Google Maps,"Oceanside, CA 92054"
So Cal Cleaning Services,(619) 610-7436,https://socalcleaningservices.com/,Google Maps,"San Diego, CA 92120"
Aquatech Rain Gutters,(619) 432-4038,https://www.aquatechraingutters.com/,Google Maps,"San Diego, CA 92110"
Freshwater Exteriors,(619) 786-7073,http://freshwaterexteriors.com/,Google Maps,"San Diego, CA 92107"
Gutters Plus Inc,(858) 290-4002,https://gutterplusinc.com/,Google Maps,"Spring Valley, CA 91977"
"Seamless Rain Gutters, Inc. San Diego",(619) 444-9191,https://seamlessrainguttersinc.com/?utm_source=google&utm_medium=organic&utm_campaign=gmb-listing,Google Maps,"Spring Valley, CA 91978"
CWB Rain Gutters - Free estimates & seamless,(619) 742-1408,https://cwbgutters.com/,Google Maps,"Escondido, CA 92027"
Caliber Gutters,(858) 844-6331,http://calibergutters.com/,Google Maps,"San Diego, CA 92119"
San Diego Rain Gutters,(760) 260-9041,https://www.sdraingutters.com/,Google Maps,"San Marcos, CA 92069"
"Real Home Security, LLC- Authorized ADT Dealer",(619) 647-7923,https://www.realhomesecurityllc.com/,Google Maps,"San Diego, CA 92123"
Smart Shield Systems Commercial & Residential Security,(844) 477-7627,https://smartshieldsystems.com/,Google Maps,"San Diego, CA 92123"
Halcyon Security Solutions,(858) 668-5446,https://www.halcyonmss.com/,Google Maps,"San Diego, CA 92117"
Alert 360 Home & Business Security San Diego,(619) 378-1055,https://www.alert360.com/locations/home-and-business-security-san-diego,Google Maps,"San Diego, CA 92123"
Safe and Sound Security,(619) 333-7397,https://getsafeandsound.com/locations/san-diego-business-security-systems/?utm_campaign=gmb&utm_medium=san_diego_gmb&utm_source=organic+search,Google Maps,"San Diego, CA 92101"
San Diego CCTV Pros,(800) 400-3167,https://guardianintegratedsecurity.com/,Google Maps,"San Diego, CA 92111"
Dempsey Alarms LLC,(858) 368-9707,http://www.dempseyalarms.com/,Google Maps,"San Diego, CA 92126"
"Silverstrand Technologies, Inc.",(619) 732-0628,https://www.silverstrand.com/,Google Maps,"El Cajon, CA 92020"
Ranch & Coast Security,(858) 657-9100,http://ranchandcoastsecurity.com/,Google Maps,"San Diego, CA 92131"
Bay Alarm Company,(800) 610-1000,https://www.bayalarm.com/san-diego-business-security-services/,Google Maps,"San Diego, CA 92111"
Five Alarm Security,(760) 930-9099,http://www.fivealarmsecurity.com/,Google Maps,"Carlsbad, CA 92010"
Full Coverage System,(858) 997-8717,http://www.fullcoveragesystem.com/,Google Maps,"San Diego, CA 92121"
Zions Security Alarms,(858) 753-6111,http://zionssecurity.com/ca/san%20diego/,Google Maps,"El Cajon, CA 92020"
"Plug N Play, Inc. - Technology Integrator",(619) 302-4637,http://www.plugnplaytv.com/,Google Maps,"San Diego, CA 92117"
Everon,(858) 309-4438,https://www.everonsolutions.com/about/company-information/locations/ca/san-diego?utm_source=google&utm_medium=social&utm_campaign=gmb&utm_content=sandiego_ca,Google Maps,"San Diego, CA 92131"
ProTech Security Systems,(800) 266-3258,,Google Maps,"San Diego, CA 92115"
CLS Security Electronics,(858) 654-2788,http://www.clselectronics.com/,Google Maps,"San Diego, CA 92126"
Alarms Unlimited,(619) 297-4500,https://www.alarmsu.com/,Google Maps,"San Diego, CA 92116"
"Security One: Oceanside, California Home Alarm Systems",(888) 584-5152,http://securityoneonline.com/california/oceanside-home-security/,Google Maps,"Oceanside, CA 92056"
Security 101 - San Diego,(888) 870-6404,http://security101.com/sandiego/?utm_campaign=GMB,Google Maps,"San Diego, CA 92123"
Digital Home Lifestyles,(858) 565-4229,http://www.digitalhomesd.com/,Google Maps,"San Diego, CA 92117"
SmarTek Home,(858) 874-8700,http://www.smartek-home.com/,Google Maps,"San Diego, CA 92123"
American Home Automation,(619) 892-7176,http://www.aha-av.com/,Google Maps,"San Diego, CA 92107"
Shultz Audio Video,(760) 444-0407,https://shultzav.com/,Google Maps,"Escondido, CA 92029"
Modern Home Systems,(858) 554-0404,https://modernhomesystems.com/,Google Maps,"San Diego, CA 92121"
Andrus Smart Technologies,(619) 596-1287,https://www.andrussmarttech.com/?utm_campaign=gmb&utm_medium=social&utm_source=gmb,Google Maps,"El Cajon, CA 92020"
Home Controls,(858) 693-8887,https://www.homecontrols.com/,Google Maps,"San Diego, CA 92126"
Ameritechs,(858) 505-1122,https://www.ameritechs.co/,Google Maps,"San Diego, CA 92111"
LIGHTWORKS,(858) 457-9100,http://www.sdlightworks.com/,Google Maps,"San Diego, CA 92126"
"Audio Impact, Inc",(858) 271-4154,http://www.audioimpact.com/,Google Maps,"San Diego, CA 92121"
Intelligent Audio Visual,(858) 566-0606,http://intelligentaudiovisual.com/,Google Maps,"San Diego, CA 92131"
Rhew Contracting,(858) 349-2812,https://rhewcontracting.com/,Google Maps,"La Jolla, CA 92037"
Gold Standard Fire Protection,(858) 531-8473,http://goldstandardfire.com/,Google Maps,"San Diego, CA 92110"
"Symons Fire Protection, Inc.",(619) 588-6364,https://symonsfp.com/,Google Maps,"San Diego, CA 92123"
Cintas Fire Protection,(858) 633-8694,https://www.cintas.com/local/usa/ca/san-diego/fire-protection-services?utm_source=google&utm_medium=organic&utm_campaign=Profiles_Fire_Protection,Google Maps,"San Diego, CA 92111"
"HCI Systems, Inc.",(858) 560-7000,http://www.hcisystems.net/,Google Maps,"San Diego, CA 92123"
"Schmidt Fire Protection Company, Inc.",(858) 279-6122,http://schmidtfireprotection.com/,Google Maps,"San Diego, CA 92123"
Cosco Fire Protection Inc,(858) 444-2000,http://www.coscofire.com/,Google Maps,"San Diego, CA 92123"
Aztec Fire & Safety,(619) 464-5625,http://www.aztecfireandsafety.com/,Google Maps,"La Mesa, CA 91942"
Hilltop Fire Protection,(619) 404-5942,https://fireprotectionsandiegoca.net/,Google Maps,"San Diego, CA 92113"
The Hiller Companies,(858) 277-3473,https://hillerfire.com/locations/san-diego-ca/?src=GBP,Google Maps,"San Diego, CA 92111"
"Fire Force & Safety, Inc.",(619) 366-0721,http://fireforceinc.net/,Google Maps,"National City, CA 91950"
"Innovative Fire Protection, Inc.",(619) 593-8200,http://ifpinc.net/,Google Maps,"Santee, CA 92071"
A1 Fire Protection Inc,(858) 623-2733,https://a1fpi.com/,Google Maps,"San Diego, CA 92121"
Raven Fire Protection,(858) 210-9060,https://ravenfireprotection.com/,Google Maps,"San Marcos, CA 92069"
Sage Fire Protection,(619) 856-0538,https://fireprotectionelcajon.com/,Google Maps,"El Cajon, CA 92020"
Frontier Fire Sprinklers Chula Vista,(619) 914-6069,https://firesprinklerschulavista.com/,Google Maps,"Chula Vista, CA 91911"
"Titan Fire Protection, Inc.",(760) 295-3436,https://www.titanfls.com/,Google Maps,"Vista, CA 92081"
"ASI Fire Protection, Inc.",(760) 208-4888,https://www.asifp.com/,Google Maps,"Escondido, CA 92029"
Firehawk Fire & Safety,(858) 558-9033,http://www.firehawksafety.com/,Google Maps,"Escondido, CA 92029"
Mighty Dry San Diego,(858) 267-4192,http://sandiegowaterdamagesd.com/?utm_source=gmb&utm_medium=organic,Google Maps,"San Diego, CA 92121"
Risk Free Serv Water Damage Repair San Diego,(858) 209-7338,https://riskfreeserv.com/,Google Maps,"San Diego, CA 92111"
Smart Dry Restoration,(858) 433-5100,https://smartdryrestoration.com/,Google Maps,"San Diego, CA 92126"
Orange Restoration San Diego,(619) 376-6838,https://orange-restoration.com/,Google Maps,"San Diego, CA 92121"
Fast Affordable Restoration,(619) 343-3958,https://fastaffordablerestoration.com/,Google Maps,"San Diego, CA 92131"
Certified Restoration,(619) 317-0439,https://certifiedrestorationinc.com/?utm_source=google&utm_medium=organic&utm_campaign=gmb,Google Maps,"San Diego, CA 92105"
San Diego Damage Restoration Pros,(619) 618-0111,https://www.sandiegodamagerestorationpros.com/,Google Maps,"San Diego, CA 92117"
Jakobsen Restoration,(800) 880-2848,https://jakobsenrestoration.com/,Google Maps,"San Diego, CA 92117"
SERVPRO of Sorrento Valley / University City,(858) 527-1144,https://www.servpro.com/locations/ca/servpro-of-sorrento-valley-university-city?utm_medium=organic&utm_source=gbp,Google Maps,"San Diego, CA 92121"
911 Restoration of San Diego,(858) 216-2488,https://www.911restorationofsandiego.com/,Google Maps,"San Diego, CA 92126"
Restoration 24,(858) 247-2020,https://www.restoration24ofsandiego.com/,Google Maps,"San Diego, CA 92121"
EZ Dry,(858) 524-3297,http://www.ezdryflooddamage.com/,Google Maps,"San Diego, CA 92123"
Dry Out Medics | Water Damage Repair & Cleanup,(888) 379-6339,http://www.dryoutmedics.com/,Google Maps,"San Diego, CA 92121"
White Glove Restoration,(619) 492-4516,https://whiteglove-restoration.com/?utm_campaign=gmb&utm_medium=organic&utm_source=gbp-kp,Google Maps,"San Diego, CA 92126"
Ramm Water Damage Restoration and Mold Remediation,(760) 798-3755,https://rammwaterrestoration.com/,Google Maps,"San Marcos, CA 92078"
PuroClean of Clairemont,(858) 869-1313,https://www.puroclean.com/sandiego-ca-puroclean-clairemont,Google Maps,"San Diego, CA 92111"
Clarketon Restoration,(858) 227-6269,https://www.clarketon.com/,Google Maps,"San Diego, CA 92126"
Water Damage Restoration San Diego,(858) 384-8680,,Google Maps,"San Diego, CA 92113"
SERVPRO of San Diego East,(619) 280-2377,https://www.servpro.com/locations/ca/servpro-of-san-diego-east?utm_medium=organic&utm_source=gbp,Google Maps,"San Diego, CA 92120"
Precision Mold Testing,(858) 203-0108,http://precisionmoldtesting.net/,Google Maps,"San Diego, CA 92103"
1 Day Mold Removal Testing Inspection,(877) 256-0879,http://1-daymoldremoval.com/,Google Maps,"San Diego, CA 92111"
SD Mold Inspection,(619) 489-7684,http://www.sdmoldinspection.com/,Google Maps,"San Diego, CA 92103"
Origin Environmental Mold Inspections and Testing,(858) 833-0033,,Google Maps,"San Diego, CA 92126"
SERVPRO of La Jolla,(858) 270-5234,https://www.servpro.com/locations/ca/servpro-of-la-jolla?utm_medium=organic&utm_source=gbp,Google Maps,"San Diego, CA 92131"
SERVPRO of Mid-City San Diego,(619) 280-2398,https://www.servpro.com/locations/ca/servpro-of-mid-city-san-diego?utm_medium=organic&utm_source=gbp,Google Maps,"San Diego, CA 92104"
Rainbow Restoration of San Diego County,(877) 490-7269,https://rainbowrestores.com/san-diego-county?cid=LSTL_RBW000202&utm_source=gmb&utm_campaign=local&utm_medium=organic,Google Maps,"Escondido, CA 92029"
Urgent Mold Removal San Diego,(619) 789-1977,https://urgentmoldremoval.com/san-diego/,Google Maps,"San Diego, CA 92101"
Restoration Solutions,(619) 795-2890,https://restsol.com/,Google Maps,"San Diego, CA 92111"
Revive Restoration,(619) 349-9219,https://www.reviverestorationsd.com/?cmpid=LDAI,Google Maps,"San Diego, CA 92108"
Superior Restoration,(858) 723-0628,https://superiorrestore.com/locations/water-damage-san-diego/?utm_source=GMB&utm_medium=local,Google Maps,"San Diego, CA 92127"
Green Planet Restoration San Diego,(442) 255-8825,https://greenplanetrestoration.com/san-diego/,Google Maps,"San Diego, CA 92108"
